Workbook
Name Escolha_Única__Vertical: 'Opções - Tipo de Resposta'!$A$3:$A$6

Sheet Status_Legenda
A1: Status | B1: Descrição
A2: Em elaboração | B2: A pergunta está em elaboração, não modifique o enunciado.
A3: Disponível para revisão | B3: A pergunta está disponível para revisão, não foram feitas ressalvas pela Oppen.
A4: Disponível para revisão com ressalvas | B4: A pergunta está disponível para revisão com ressalvas, foram feitas ressalvas pela Oppen. Pedimos que olhem com atenção.
A5: Revisão Interna | B5: Controle de revisões OPPEN
A6: Necessário ajuste | B6: A pergunta necessita de ajustes, o cliente deverá descrever o ajuste na coluna Comentários_FIS
A7: Exclusão | B7: A pergunta será excluída por sugestão do cliente.
A8: Aprovado | B8: A pergunta foi aprovada pelo cliente, após esse status ela não deverá ser modificada, salvo exceções.

Sheet LEIA-ME
C1: INSTRUÇÕES SOBRE O ARQUIVO
B4: Aba - Questionário | I4: Aba Plano Tabular
B5: Nome da coluna | C5: Descrição | E5: Status (Coluna Q) | F5: Descrição | I5: Item | J5: Descrição
B6: CODFINAL | C6: Código numérico correspondente ao código de identificação do descritor. | E6: Em elaboração | F6: A pergunta está em elaboração, não modifique o enunciado. | I6: Indicador | J6: Indicador do estudo à que a questão elaborada estará medindo.
B7: Página | C7: Cada uma das folhas de um questionário impresso e/ou seções divisórias de um questionário online. | E7: Disponível para revisão | F7: A pergunta está disponível para revisão, não foram feitas ressalvas pela Oppen. | I7: Fonte | J7: Fonte de inspiração da pergunta.
B8: Variável | C8: Nome da variável correspondente à pergunta. | E8: Disponível com ressalvas para a revisão | F8: A pergunta está disponível para revisão com ressalvas, foram feitas ressalvas pela Oppen. Pedimos que olhem com atenção. | I8: cod_item | J8: Nome dado à variável na base de dados. .
B9: Comentários_Oppen/Histórico | C9: Destina-se aos diálogos internos entre a equipe da Oppen acerca do material que está sendo elaborado. | E9: Revisão Interna | F9: Controle de revisões OPPEN | I9: item | J9: Perguntas elaboradas pela equipe da Oppen Social ou propostas pelo cliente.
B10: Pergunta adaptada | C10: Perguntas elaboradas pela equipe da Oppen Social ou propostas pelo cliente. | E10: Necessário ajuste | F10: A pergunta necessita de ajustes, o cliente deverá descrever o ajuste na coluna Comentários_FIS | I10: cod_resp | J10: Código numérico correspondente a alternativa de resposta.
B11: Nota explicativa | C11: Complementos explicativos sobre as perguntas adaptadas para os respondentes do questionário. | E11: Exclusão | F11: A pergunta será excluída por sugestão do cliente. | I11: alternativa de resposta | J11: Para perguntas fechadas, as alternativas pré-estabelecidas são deixadas aqui. Para o caso de perguntas abertas, há um espaço para a resposta.
B12: Cod | C12: Código numérico correspondente a alternativa de resposta. | E12: Sugestão de Exclusão | F12: A Oppen sugere pela exclusão da pergunta. | I12: justificativa | J12: Razão que orienta a elaboração da pergunta para este questionário.
B13: Alternativas de resposta | C13: Para perguntas fechadas, as alternativas pré-estabelecidas são deixadas aqui. Para o caso de perguntas abertas, há um espaço para a resposta. | E13: Aprovado | F13: A pergunta foi aprovada pelo cliente, após esse status ela não deverá ser modificada, salvo exceções.
B14: Questão dependente | C14: Especificação de qual será a próxima pergunta a ser apresentada ao entrevistado com base na resposta dada na pergunta anterior.
B15: Opção | C15: Sinalização da alternativa de resposta que condiciona a abertura de pergunta.
B16: Pré-condição | C16: Espaço destinado para sinalizar em quais situações a pergunta deverá abrir, em casos de mais de uma regra de filtro.
B17: Tipo de resposta | C17: Diz respeito aos formatos de resposta: escolha única, múltipla escolha, numérica, texto, texto e número, data e e-mail.
B18: Validação (Regra de Programação) | C18: Espaço destinado para especificar quais respostas são validas para a pergunta. Por exemplo, casos em que a pergunta tem o formato múltipla escolha, mas se registrado "Prefere não responder", não poderá registrar outra.
B19: Restrição | C19: Novamente, diz respeito ao formato de resposta: texto, número, texto e número, data, e-mail e vazio. Vazio se refere à perguntas de escolha única ou múltipla escolha.
B20: Observações | C20: Espaço para comentários ou especificações sobre as perguntas.
B21: Status | C21: Diz respeito ao andamento da elaboração da pergunta: Em elaboração, Disponível para revisão, Disponível para revisão com ressalvas, Necessário ajuste, Exclusão e Aprovado.
B22: Comentários | C22: Espaço para deixar as impressões sobre a pergunta e sugestões.

Sheet Opções - Tipo de Resposta
A1: Lista de opções mais frequentes | E1: Lista Geral
A2: Escolha Única, Vertical | B2: select_one | E2: text
A3: Múltipla escolha | B3: select_multiple | E3: integer
A4: Numérica | B4: integer | E4: decimal
A5: String | B5: text | E5: select_one
A6: Texto e Número | B6: decimal | E6: select_multiple
A7: Data | B7: date | E7: geopoint
A8: E-mail | B8: text | E8: geoshape
A9: - | B9: note | E9: geotrace
E10: barcode
E11: date
E12: datetime
E13: image
E14: audio
E15: video
E16: file
E17: note
E18: phonenumber
E19: comments
E20: calculate
E21: calculate_here
... E25: sensor_statistic pct_movement_between

Sheet Opções - Restrições
A1: Lista de restrições | B1: Opção de restrição
A2: Texto | B2: texto
A3: Número | B3: número
A4: Texto+Número | B4: texto+número
A5: Data | B5: data
A6: Email | B6: email
A7: Vazio | B7: vazio

Sheet Instruções
A1: Novas colunas | B1: Instruções
A2: Página | B2: Preencher sempre com números inteiros. De maneira crescente (1 até 20, por exemplo).
A3: Questão dependente | B3: Usar quando houver somente uma questão no fluxo que depende de outra. Exemplo: Se V004 depende da V003, quando a opção for 1. Escrever neste campo somente V003 e colocar 1 na coluna "Opção".
A4: Opção | B4: Usar quando houver somente uma questão no fluxo que depende de outra. Exemplo: Se V004 depende da V003, quando a opção for 1. Escrever neste campo somente o valor 1.
A5: Pre-condicao | B5: Usar quando houver mais de uma questão ou mais de uma opção de questão dependente. Exemplo, Se V004 depende de V003 quando as opções são 1, 2 ou 3. Ou se V004, depende de V003 = 1 e/ou V002 = 2
A6: Tipo de resposta | B6: Escolher qual o tipo de questão será usada. As opções disponíveis se encontram na aba Opções - Tipo de Resposta
A7: Restrição | B7: Usar quando a questão for do tipo "text", na qual é possível escolher se o campo aceita só texto e número, ou somente número, etc. Caso o campo não tenha restrição de texto, escolher a opção Vazio.

Sheet Questionário
A1: COD_FINAL | B1: Descritor | C1: Página | D1: Variável | E1: Comentários_Oppen/Histórico | F1: Pergunta adaptada | G1: Instrução | H1: Cod | I1: Alternativas de resposta | J1: Questão dependente | K1: Opção | L1: Pré-condição | M1: Tipo de resposta | N1: Validação | O1: Restrições | P1: Ajustes na programação | Q1: Descrição | R1: Observações para equipe de programação | S1: Comentários Mariana
A2: Não se aplica | B2: Não se aplica | C2: 1 | D2: tela1 | E2: Oppen 01.09: Texto inserido de acordo com a versão do dia 29.08.23 enviada ao IU. Texto atualizado em 23.10 atendendo o pedido do IU. | F2: AVISO DE PRIVACIDADE Olá! Você é um dos atores mais relevantes para a gestão da política educacional de seu estado e conhece a parceria da Secretaria com o Instituto Unibanco no Programa Jovem de Futuro. Além disso, conhece, usa e compõe o circuito de gestão. Este questionário tem como objetivo levantar informações sobre a implementação do Circuito de Gestão na rede estadual de educação em que você atua. As informações coletadas vão servir ao aprimoramento dessa implementação. Você encontrará, aqui, questões que solicitam dados pessoais: primeiro nome, faixa etária, sexo, cargo, local de trabalho e tempo de experiência na Secretaria Estadual de Educação e no seu cargo. Também há questões sobre a implementação dos processos e protocolos do Circuito de Gestão. A necessidade de dados pessoais se justifica pelo interesse de segmentar apoios a partir de uma análise demográfica e de perfil profissional. Necessário declarar que a pesquisa atende as exigências da Lei Geral de Proteção De Dados Pessoais (Lei nº 13.709/2018), além de seguir os princípios éticos que sustentam e orientam a parceria entre a Secretaria e o Instituto Unibanco. Qualquer divulgação só ocorrerá com aprovação das lideranças da secretaria e os dados serão agregados, não permitindo qualquer identificação do respondente. Contamos com sua colaboração em responder este questionário a partir de sua experiência e reflexão sobre o circuito de gestão e agradecemos imensamente a sua dedicação de tempo respondê-lo. | M2: note | O2: vazio
A3: Não se aplica | B3: Não se aplica | C3: 2 | D3: consent | E3: Oppen 01.09: Texto inserido de acordo com a versão do dia 29.08.23 enviada ao IU. Texto atualizado em 23.10 atendendo o pedido do IU. | F3: Algumas garantias devem ser compartilhadas com você. Todos os dados pessoais fornecidos serão tratados com segurança, de acordo com a Lei Geral de Proteção De Dados Pessoais (Lei nº 13.709/2018). Os dados que você fornecer serão divulgados de forma agregada e nenhuma das suas respostas será divulgada individualmente. As informações serão utilizadas somente para os fins desta pesquisa e serão compartilhadas com o Instituto Unibanco e seus parceiros. Por fim, declaramos que todos os dados fornecidos por você serão armazenados apenas pelo tempo necessário para que as finalidades informadas sejam atingidas ou em conformidade com obrigações legais e regulatórias. Sendo assim, ao aceitar participar desta pesquisa, você declara estar ciente que: - Eventuais informações fornecidas não permitirão a sua identificação, exceto para a equipe de pesquisa bem como para o Instituto Unibanco; - A divulgação de informações apenas acontecerá de forma agregada e/ou anonimizada e só será feita entre as instituições, profissionais e parceiros do estudo; - O seu consentimento é concedido para que a Oppen Social (i) colete dados pessoais fornecidos voluntariamente no questionário; (ii) utilize esses dados com o objetivo de caracterizar o perfil dos atores envolvidos na área de educação do estado; e (iii) compartilhe os dados pessoais com terceiros contratados para a prestação dos serviços da pesquisa. - Você tem direito de solicitar acesso, retificação ou eliminação dos seus dados pessoais tratados pela Oppen, além de poder revogar o seu consentimento a qualquer tempo, sem que isso lhe traga qualquer penalidade ou prejuízo. - Os resultados desta pesquisa serão divulgados de forma agregada e anonimizada para a Secretaria de Educação do seu estado no contexto da implementação do Jovem de Futuro e do Circuito de Gestão. Ao continuar com esse questionário, você concorda com o disposto neste Aviso. | H3: 1 | I3: Continuar. | M3: select_one | N3: obrigatoria | O3: vazio
H4: 2 | I4: Encerrar.
A5: Não se aplica | B5: Não se aplica | C5: 3 | D5: duration | J5: consent | K5: 1 | M5: duration | O5: vazio
C6: 3 | D6: intro_geral | F6: Para participar dessa pesquisa, pedimos que leve em consideração tanto a sua experiência quanto a de outros profissionais da sua Secretaria na implementação do Circuito da Gestão (CdG), no contexto da parceria com o Instituto Unibanco, ao longo dos últimos 12 meses. Recomendamos que reserve cerca de 60 minutos e tente responder em um ambiente tranquilo e silencioso, a fim de garantir sua total concentração e atenção. Não há tempo máximo para cada pergunta e, caso você precise se ausentar, recomendamos que não feche o link do questionário para não perder o histórico de suas respostas. Caso você não se sinta confortável para responder a alguma pergunta, selecione a alternativa "Prefiro não responder (Não sei)". | J6: consent | K6: 1 | M6: note | N6: obrigatoria | O6: vazio
A7: Não se aplica | B7: Não se aplica | C7: 3 | D7: intro_id | F7: Vamos iniciar com algumas perguntas sobre você. | J7: consent | K7: 1 | M7: note | O7: vazio
A8: Não se aplica | B8: Não se aplica | C8: 3 | D8: nome | F8: Qual seu nome? | G8: Por favor, escreva seu primeiro nome. | J8: consent | K8: 1 | M8: text | N8: obrigatoria | O8: texto
A9: Não se aplica | B9: Não se aplica | C9: 3 | D9: fx_etaria | F9: Qual a sua idade? | H9: 1 | I9: Até 24 anos. | J9: consent | K9: 1 | M9: select_one | N9: obrigatoria | O9: texto
H10: 2 | I10: 25 a 29 anos
H11: 3 | I11: 30 a 34 anos
H12: 4 | I12: 35 a 39 anos
H13: 5 | I13: 40 a 44 anos
H14: 6 | I14: 45 a 49 anos
H15: 7 | I15: 50 a 54 anos
H16: 8 | I16: 55 a 59 anos
H17: 9 | I17: 60 anos ou mais
A18: Não se aplica | B18: Não se aplica | C18: 3 | D18: sexo | F18: Qual é o seu sexo? | H18: 1 | I18: Masculino. | J18: consent | K18: 1 | M18: select_one | N18: obrigatoria | O18: vazio
H19: 2 | I19: Feminino.
H20: 77 | I20: Prefiro não responder.
A21: Não se aplica | B21: Não se aplica | C21: 3 | D21: see | F21: Em qual Secretaria Estadual de Educação você está alocado? | H21: 1 | I21: Secretaria Estadual de Educação do Ceará. | J21: consent | K21: 1 | M21: select_one | N21: obrigatoria | O21: vazio
H22: 2 | I22: Secretaria Estadual de Educação do Espírito Santo.
H23: 3 | I23: Secretaria Estadual de Educação de Goiás.
H24: 4 | I24: Secretaria Estadual de Educação do Piauí.
A25: Não se aplica | B25: Não se aplica | C25: 3 | D25: cargo | E25: Oppen 04.09: Importante inserir listagem de cargos, caso essa informação seja relevante. IMPORTANTE: Não está previsto no plano de análise esse tipo de recorte. Devemos prever isso no plano tabular? Esse tipo de análise ficará com IU ou Oppen? | F25: Qual é o seu atual cargo na Secretaria? | G25: Por favor, registre seu cargo atual na SEE. | J25: consent | K25: 1 | M25: text | N25: obrigatoria | O25: texto
A26: Não se aplica | B26: Não se aplica | C26: 3 | D26: tempo_experiencia_see | E26: IMPORTANTE: Não está previsto no plano de análise esse tipo de recorte. Devemos prever isso no plano tabular? Esse tipo de análise ficará com IU ou Oppen? | F26: Há quanto tempo você trabalha com o Circuito de Gestão (CdG)? | H26: 1 | I26: Menos de 6 meses. | J26: consent | K26: 1 | M26: select_one | N26: obrigatoria | O26: vazio
H27: 2 | I27: De 6 meses a 1 ano.
H28: 3 | I28: De 2 a 3 anos.
H29: 4 | I29: Mais de 4 anos.
C30: 4 | D30: intro_etapas | F30: Este questionário é composto de 7 seções, que tratam dos seguintes temas: 1. Circuito de Gestão na Secretaria; 2. Apoio da Secretaria às Regionais de Ensino e às Escolas; 3. Circuito de Gestão nas Regionais de Ensino; 4. Apoio das Regionais às escolas; 5. Circuito de Gestão nas Escolas; 6. Adaptações dos Protocolos à realidade da rede; 7. Ações Disparadoras do Circuito de Gestão na Rede. | G30: Sabemos que, em cada secretaria, o profissional que apoia as escolas na implementação do CdG tem denominações distintas: no Ceará, é o Superintendente; no Espírito Santo, é o Supervisor; em Goiás, é o Tutor; e, no Piauí, é o Técnico de Ensino ou ACG. | J30: consent | K30: 1 | M30: note | O30: vazio
A31: Não se aplica | B31: Não se aplica | C31: 5 | D31: intro_metas | F31: BLOCO 1: CIRCUITO DE GESTÃO NA SECRETARIA As próximas perguntas dizem respeito à ETAPA DE PACTUAÇÃO DE METAS do Circuito de Gestão (CdG) na Secretaria. | G31: Para responder este bloco, por favor considere a sua experiência e, sempre que possivel, dos outros profissionais da Secretaria na implementação do Circuito de Gestão na Secretaria. | J31: consent | K31: 1 | M31: note | O31: vazio
A32: E1D1_1 | B32: A Secretaria Estadual de Educação revisa, anualmente, as metas para escolas e regionais a partir dos resultados das avaliações externas. | C32: 5 | D32: V01 | F32: A Secretaria revisa, anualmente, as metas educacionais da rede, das escolas e das regionais, considerando os resultados das avaliações externas e de fluxo dos estudantes (taxas de aprovação) | G32: Por favor, indique o quanto você concorda com a afirmação. Considere como avaliações externas as de âmbito nacional, como o SAEB, e as estaduais como SAEPI, SAEGO, SPAECE e PAEBES. | H32: 1 | I32: 1. Discordo totalmente. | J32: consent | K32: 1 | M32: select_one | N32: obrigatoria | O32: vazio
H33: 2 | I33: 2. Discordo.
H34: 3 | I34: 3. Concordo.
H35: 4 | I35: 4. Concordo totalmente.
H36: 77 | I36: Prefiro não responder (Não sei).
A37: E1D3_11 | B37: A Secretaria Estadual de Educação dispõe de recursos técnicos, como computadores e softwares, adequados para a estimação das metas. | C37: 5 | D37: V02 | E37: Oppen 01.09: Nosso receio de uma pergunta binária para mais de um elemento é que caso a SEE tenha equipamentos não adequados, mas tenha acesso aos softwares e sistemas essa granularidade se perca. | F37: A Secretaria possui os recursos necessários (equipamentos e softwares) para estimar as metas anuais do programa Jovem de Futuro. | G37: Por favor, indique o quanto você concorda com a afirmação. | H37: 1 | I37: 1. Discordo totalmente. | J37: consent | K37: 1 | M37: select_one | N37: obrigatoria | O37: vazio
H38: 2 | I38: 2. Discordo.
H39: 3 | I39: 3. Concordo.
H40: 4 | I40: 4. Concordo totalmente.
H41: 77 | I41: Prefiro não responder (Não sei).
A42: E1D3_12 | B42: A equipe técnica da Secretaria Estadual de Educação possui profissionais com conhecimento sobre as fórmulas de cálculo e as metodologias de estimação das metas. | C42: 5 | D42: V03 | F42: A Secretaria possui profissionais com conhecimento sobre as fórmulas de cálculo e as metodologias de estimação das metas de Ideb*? | G42: O Ideb* é calculado a partir dos indicadores de desempenho - notas das avaliações externas estaduais em Língua Portuguesa e Matemática - e fluxo (taxas de aprovação). Considere como avaliações externas as de âmbito nacional, como o SAEB, e as estaduais como SAEPI, SAEGO, SPAECE e PAEBES. | H42: 1 | I42: Sim. | J42: consent | K42: 1 | M42: select_one | N42: obrigatoria | O42: vazio
H43: 2 | I43: Não.
H44: 77 | I44: Prefiro não responder (Não sei).
A45: E1D1_2 | B45: A Secretaria Estadual de Educação define escolas prioritárias a partir das metas estabelecidas. | C45: 6 | D45: V04 | F45: A Secretaria define escolas prioritárias a partir das metas de Ideb* estabelecidas? | G45: O Ideb* é calculado a partir dos indicadores de desempenho - notas das avaliações externas estaduais em Língua Portuguesa e Matemática - e fluxo (taxas de aprovação). Considere como avaliações externas as de âmbito nacional, como o SAEB, e as estaduais como SAEPI, SAEGO, SPAECE e PAEBES. | H45: 1 | I45: Sim. | J45: consent | K45: 1 | M45: select_one | N45: obrigatoria | O45: vazio
H46: 2 | I46: Não.
H47: 77 | I47: Prefiro não responder (Não sei).
A48: E1D2_9 | B48: A equipe técnica da Secretaria Estadual de Educação reconhece a importância da identificação das escolas prioritárias como estratégia de enfrentamento das desigualdades entre as escolas, oferecendo apoio e ações diferenciadas. | C48: 6 | D48: V05 | E48: Oppen 04.09: Checar na triangualação se pergunta é feita ao ACG e Escola. | F48: Os profissionais da Secretaria reconhecem a importância de identificar as escolas prioritárias para combater as desigualdades entre as escolas. | G48: Por favor, indique o quanto você concorda com a afirmação. | H48: 1 | I48: 1. Discordo totalmente. | J48: consent | K48: 1 | M48: select_one | N48: obrigatoria | O48: vazio
H49: 2 | I49: 2. Discordo.
H50: 3 | I50: 3. Concordo.
H51: 4 | I51: 4. Concordo totalmente.
A52: E1D3_13 | B52: A equipe da Secretaria Estadual de Educação revisa de forma autonoma, anualmente, com base nos resultados das avaliações externas, as metas para o estado, as regionais e as escolas. | C52: 7 | D52: V06 | F52: Há um profissional ou equipe na Secretaria que calcula de forma autônoma as metas de Ideb* para o estado, as regionais e as escolas. | G52: O Ideb* é calculado a partir dos indicadores de desempenho - notas das avaliações externas estaduais em Língua Portuguesa e Matemática - e fluxo (taxas de aprovação). Considere como avaliações externas as de âmbito nacional, como o SAEB, e as estaduais como SAEPI, SAEGO, SPAECE e PAEBES. | H52: 1 | I52: 1. Discordo totalmente. | J52: consent | K52: 1 | M52: select_one | N52: obrigatoria | O52: vazio
H53: 2 | I53: 2. Discordo.
H54: 3 | I54: 3. Concordo.
H55: 4 | I55: 4. Concordo totalmente.
H56: 77 | I56: Não sei / Não foram realizadas.
A57: E1D5_16 | B57: A Secretaria Estadual de Educação adaptou o processo de revisão das metas a sua realidade. | C57: 7 | D57: V07 | F57: Considerando a etapa de PACTUAÇÃO DE METAS DE IDEB*, em quais processos foram realizadas adaptações? | G57: Para responder esta pergunta, por favor, considere os ajustes feitos nas atividades e processos do Circuito de gestao, com o objetivo de adequa-los à realidade da sua regional de ensino ou das escolas. É possível selecionar mais de uma alternativa. LEMBRE-SE: O Ideb* é calculado a partir dos indicadores de desempenho - notas das avaliações externas estaduais em Língua Portuguesa e Matemática - e fluxo (taxas de aprovação). Considere como avaliações externas as de âmbito nacional, como o SAEB, e as estaduais como SAEPI, SAEGO, SPAECE e PAEBES. | H57: 1 | I57: Definição dos indicadores específicos (avaliações externas estaduais e/ou taxas de aprovação). | J57: consent | K57: 1 | M57: select_multiple | N57: obrigatoria | O57: Se registrar 77 não pode selecionar outras.
H58: 2 | I58: Processo de compartilhamento das metas.
H59: 3 | I59: Protocolos para compartilhamento das metas.
A60: E1D5_17 | B60: A Secretaria Estadual de Educação adaptou o processo de compartilhamento de metas com Regionais e Escolas. | H60: 4 | I60: Formulários para registro de informações.
H61: 5 | I61: Outra.
H62: 77 | I62: Prefiro não responder (Não sei).
A63: Não se aplica | B63: Não se aplica | C63: 8 | D63: intro_planejamento | F63: Para responder às próximas perguntas, considere a ETAPA DE PLANEJAMENTO do Circuito de Gestão (CdG) da Secretaria. | J63: consent | K63: 1 | M63: note | O63: vazio
A64: E2D1_1 | B64: A Secretaria Estadual de Educação define os objetivos estratégicos para nortear o planejamento anual. | C64: 8 | D64: V08 | F64: A equipe gestora da Secretaria DEFINE os objetivos estratégicos? | H64: 1 | I64: Sim. | J64: consent | K64: 1 | M64: select_one | N64: obrigatoria | O64: vazio
H65: 2 | I65: Não.
H66: 77 | I66: Prefiro não responder (Não sei).
A67: E2D1_1 | B67: A Secretaria Estadual de Educação define os objetivos estratégicos para nortear o planejamento anual. | C67: 8 | D67: V09 | F67: A equipe da Secretaria COMPARTILHA os objetivos estratégicos com as regionais e escolas. | G67: Por favor, indique o quanto você concorda com a afirmação. | H67: 1 | I67: 1. Discordo totalmente. | J67: consent | K67: 1 | M67: select_one | N67: obrigatoria | O67: vazio
H68: 2 | I68: 2. Discordo.
H69: 3 | I69: 3. Concordo.
H70: 4 | I70: 4. Concordo totalmente.
H71: 77 | I71: Prefiro não responder (Não sei).
A72: E2D1_2 | B72: A Secretaria Estadual de Educação elabora um calendário anual do CdG. | C72: 9 | D72: V10 | F72: Há profissional (ou equipe) na Secretaria responsável pela elaboração anual do calendário do CdG? | H72: 1 | I72: Sim. | J72: consent | K72: 1 | M72: select_one | N72: obrigatoria | O72: vazio
H73: 2 | I73: Não.
H74: 77 | I74: Prefiro não responder (Não sei).
A75: E2D1_3 | B75: A Secretaria Estadual de Educação compartilha o calendário anual do CdG com a rede. | C75: 9 | D75: V11 | F75: O calendário anual do Circuito de Gestão (CdG) é compartilhado com as regionais e escolas. | G75: Por favor, indique o quanto você concorda com a afirmação. | H75: 1 | I75: 1. Discordo totalmente. | J75: consent | K75: 1 | M75: select_one | N75: obrigatoria | O75: vazio
H76: 2 | I76: 2. Discordo.
H77: 3 | I77: 3. Concordo.
H78: 4 | I78: 4. Concordo totalmente.
H79: 77 | I79: Prefiro não responder (Não sei).
C80: 9 | D80: V12 | F80: A Secretaria elabora o seu plano de ação? | H80: 1 | I80: Sim. | J80: consent | K80: 1 | M80: select_one | N80: obrigatoria | O80: vazio
H81: 2 | I81: Não.
A82: E2D1_7 | B82: O plano de ação da Secretaria Estadual de Educação é orientado pelos objetivos estratégicos. | C82: 10 | D82: V13 | F82: Quais informações são usadas na elaboração do plano de ação da Secretaria? | G82: É possível selecionar mais de uma alternativa. | H82: 1 | I82: Diagnóstico do ano anterior (2022). | J82: =D80 -> V12 | K82: 1 | M82: select_multiple | N82: obrigatoria | O82: Se registrar 77 não pode selecionar outras.
H83: 2 | I83: Informações sobre aulas dadas.
H84: 3 | I84: Informações sobre programas, projetos, ações e recursos da Secretaria.
A85: E2D4_27 | B85: A Secretaria Estadual de Educação utiliza os insumos dos planos das regionais para aprimorar seu plano de ação. | H85: 4 | I85: Problemas ou riscos mapeados pelas regionais e escolas.
H86: 5 | I86: Meta da Secretaria para o ano (2023).
H87: 6 | I87: Nota dos estudantes da rede.
A88: E2D4_27 | B88: A Secretaria Estadual de Educação utiliza os insumos dos planos das regionais para aprimorar seu plano de ação. | H88: 7 | I88: Objetivos estratégicos da Secretaria.
H89: 8 | I89: Taxa de aprovação dos estudantes da rede.
H90: 9 | I90: Taxa de abandono dos estudantes da rede.
A91: E2D1_10 | B91: O plano de ação da Secretaria Estadual de Educação é elaborado com base no diagnóstico feito no ano anterior, com foco nos resultados de aprendizagem e fluxo (aprovação e abandono). | H91: 10 | I91: Outras informações.
H92: 77 | I92: Prefiro não responder (Não sei).
A93: E2D1_4 | B93: A Secretaria Estadual de Educação insere seu plano de ação no Sistema de Gestão para o Avanço Contínuo da Educação (Sigae) no prazo estipulado pelo cronograma pactuado com a rede. | C93: 10 | D93: V14 | E93: Oppen 19.10: Ajuste nas alternativas de resposta conforme solicitado no comentário em I95. | F93: A Secretaria insere seu plano de ação no Sigae no prazo estipulado pelo cronograma pactuado com a rede? | H93: 1 | I93: Não insere. | J93: =D80 -> V12 | K93: 1 | M93: select_one | N93: obrigatoria | O93: vazio
A94: A4D1_1 | H94: 2 | I94: Sim, mas fora do prazo.
H95: 3 | I95: Sim, dentro do prazo.
A96: E3D1_7 | B96: A equipe técnica da Secretaria Estadual de Educação insere informações sobre a execução das ações do seu plano de ação no Sistema de Gestão para o Avanço Contínuo da Educação (Sigae) dentro do prazo estipulado no cronograma pactuado pela rede. | H96: 77 | I96: Prefiro não responder (Não sei).
A97: E2D2_13 | B97: Há profissionais de diferentes áreas da Secretaria Estadual de Educação (área financeira, pedagógica, infraestrutura, pessoas, etc.) com atribuições de tarefas e ações no plano de ações da secretaria. | C97: 11 | D97: V15 | F97: Quais áreas da Secretaria PARTICIPAM do processo de planejamento do plano de ação da Secretaria? | H97: 1 | I97: Área financeira/ orçamentária | J97: consent | K97: 1 | M97: select_multiple | N97: obrigatoria | O97: Se selecionar 77 não pode selecionar as demais
H98: 2 | I98: Área de gestão pedagógica.
H99: 3 | I99: Área de infraestrutura.
H100: 4 | I100: Área de gestão de pessoas.
...

Sheet Checagem Referencial V29.09
A1: Etapa/Ação | B1: Dimensão | C1: COD_GERAL | D1: Descritor | E1: Triangulação | F1: Checagem | G1: n_itens | H1: Observações Oppen 25.10.23 | I1: Mariana
A2: 1. Pactuação de Metas | B2: Adesão e Rotina | C2: E1D1_1 | D2: A Secretaria Estadual de Educação revisa, anualmente, as metas para escolas e regionais a partir dos resultados das avaliações externas | E2: 1;2 | F2: =IFERROR(IF(VLOOKUP(C2,Questionário!A:A,1,FALSE)=C2,"Ok","Ausente"),"Ausente") -> Ok | G2: =COUNTIF(Questionário!A:A,'Checagem Referencial V29.09'!C2) -> 1
A3: 1. Pactuação de Metas | B3: Adesão e Rotina | C3: E1D1_2 | D3: A Secretaria Estadual de Educação define escolas prioritárias a partir das metas estabelecidas. | E3: 1;2 | F3: =IFERROR(IF(VLOOKUP(C3,Questionário!A:A,1,FALSE)=C3,"Ok","Ausente"),"Ausente") -> Ok | G3: =COUNTIF(Questionário!A:A,'Checagem Referencial V29.09'!C3) -> 1
A4: 1. Pactuação de Metas | B4: Adesão e Rotina | C4: E1D1_3 | D4: A Secretaria Estadual de Educação considera as escolas prioritárias em sua atuação. | E4: 1 | F4: =IFERROR(IF(VLOOKUP(C4,Questionário!A:A,1,FALSE)=C4,"Ok","Ausente"),"Ausente") -> Ok | G4: =COUNTIF(Questionário!A:A,'Checagem Referencial V29.09'!C4) -> 2
A5: 1. Pactuação de Metas | B5: Adesão e Rotina | C5: E1D1_4 | D5: As escolas prioritárias recebem metas maiores e mais ousadas. | E5: 1;2;3 | F5: =IFERROR(IF(VLOOKUP(C5,Questionário!A:A,1,FALSE)=C5,"Ok","Ausente"),"Ausente") -> Ok | G5: =COUNTIF(Questionário!A:A,'Checagem Referencial V29.09'!C5) -> 1
A6: 1. Pactuação de Metas | B6: Adesão e Rotina | C6: E1D1_5 | D6: As metas pactuadas são compartilhadas com os profissionais das escolas e das regionais. | E6: 1;2;3;4;5 | F6: =IFERROR(IF(VLOOKUP(C6,Questionário!A:A,1,FALSE)=C6,"Ok","Ausente"),"Ausente") -> Ok | G6: =COUNTIF(Questionário!A:A,'Checagem Referencial V29.09'!C6) -> 2
A7: 1. Pactuação de Metas | B7: Engajamento | C7: E1D2_9 | D7: A equipe técnica da Secretaria Estadual de Educação reconhece a importância da identificação das escolas prioritárias como estratégia de enfrentamento das desigualdades entre as escolas, oferecendo apoio e ações diferenciadas. | E7: 1;5 | F7: =IFERROR(IF(VLOOKUP(C7,Questionário!A:A,1,FALSE)=C7,"Ok","Ausente"),"Ausente") -> Ok | G7: =COUNTIF(Questionário!A:A,'Checagem Referencial V29.09'!C7) -> 1
A8: 1. Pactuação de Metas | B8: Autonomia | C8: E1D3_11 | D8: A Secretaria Estadual de Educação dispõe de recursos técnicos, como computadores e softwares, adequados para a estimação das metas. | E8: 1 | F8: =IFERROR(IF(VLOOKUP(C8,Questionário!A:A,1,FALSE)=C8,"Ok","Ausente"),"Ausente") -> Ok | G8: =COUNTIF(Questionário!A:A,'Checagem Referencial V29.09'!C8) -> 1
A9: 1. Pactuação de Metas | B9: Autonomia | C9: E1D3_12 | D9: A equipe técnica da Secretaria Estadual de Educação possui profissionais com conhecimento sobre as fórmulas de cálculo e as metodologias de estimação das metas. | E9: 1 | F9: =IFERROR(IF(VLOOKUP(C9,Questionário!A:A,1,FALSE)=C9,"Ok","Ausente"),"Ausente") -> Ok | G9: =COUNTIF(Questionário!A:A,'Checagem Referencial V29.09'!C9) -> 1
A10: 1. Pactuação de Metas | B10: Autonomia | C10: E1D3_13 | D10: A equipe da Secretaria Estadual de Educação revisa de forma autonoma, anualmente, com base nos resultados das avaliações externas, as metas para o estado, as regionais e as escolas. | E10: 1 | F10: =IFERROR(IF(VLOOKUP(C10,Questionário!A:A,1,FALSE)=C10,"Ok","Ausente"),"Ausente") -> Ok | G10: =COUNTIF(Questionário!A:A,'Checagem Referencial V29.09'!C10) -> 1
A11: 1. Pactuação de Metas | B11: Apoio entre Instâncias | C11: E1D4_14 | D11: A Secretaria Estadual de Educação apoia as equipes das Regionais nos processos de pactuaçao das metas com as escolas. | E11: 1;2;3 | F11: =IFERROR(IF(VLOOKUP(C11,Questionário!A:A,1,FALSE)=C11,"Ok","Ausente"),"Ausente") -> Ausente | G11: =COUNTIF(Questionário!A:A,'Checagem Referencial V29.09'!C11) -> 0 | H11: Validada a exclusão em 29.09.23 | I11: ok
A12: 1. Pactuação de Metas | B12: Customização | C12: E1D5_16 | D12: A Secretaria Estadual de Educação adaptou o processo de revisão das metas a sua realidade. | E12: 1 | F12: =IFERROR(IF(VLOOKUP(C12,Questionário!A:A,1,FALSE)=C12,"Ok","Ausente"),"Ausente") -> Ok | G12: =COUNTIF(Questionário!A:A,'Checagem Referencial V29.09'!C12) -> 1
A13: 1. Pactuação de Metas | B13: Customização | C13: E1D5_17 | D13: A Secretaria Estadual de Educação adaptou o processo de compartilhamento de metas com Regionais e Escolas. | E13: 1 | F13: =IFERROR(IF(VLOOKUP(C13,Questionário!A:A,1,FALSE)=C13,"Ok","Ausente"),"Ausente") -> Ok | G13: =COUNTIF(Questionário!A:A,'Checagem Referencial V29.09'!C13) -> 1
A14: 2. Planejamento | B14: Adesão e Rotina | C14: E2D1_1 | D14: A Secretaria Estadual de Educação define os objetivos estratégicos para nortear o planejamento anual. | E14: 1;2 | F14: =IFERROR(IF(VLOOKUP(C14,Questionário!A:A,1,FALSE)=C14,"Ok","Ausente"),"Ausente") -> Ok | G14: =COUNTIF(Questionário!A:A,'Checagem Referencial V29.09'!C14) -> 2
A15: 2. Planejamento | B15: Adesão e Rotina | C15: E2D1_2 | D15: A Secretaria Estadual de Educação elabora um calendário anual do CdG. | E15: 1 | F15: =IFERROR(IF(VLOOKUP(C15,Questionário!A:A,1,FALSE)=C15,"Ok","Ausente"),"Ausente") -> Ok | G15: =COUNTIF(Questionário!A:A,'Checagem Referencial V29.09'!C15) -> 1
A16: 2. Planejamento | B16: Adesão e Rotina | C16: E2D1_3 | D16: A Secretaria Estadual de Educação compartilha o calendário anual do CdG com a rede. | E16: 1;2;3;4 | F16: =IFERROR(IF(VLOOKUP(C16,Questionário!A:A,1,FALSE)=C16,"Ok","Ausente"),"Ausente") -> Ok | G16: =COUNTIF(Questionário!A:A,'Checagem Referencial V29.09'!C16) -> 1
A17: 2. Planejamento | B17: Adesão e Rotina | C17: E2D1_4 | D17: A Secretaria Estadual de Educação insere seu plano de ação no Sistema de Gestão para o Avanço Contínuo da Educação (Sigae) no prazo estipulado pelo cronograma pactuado com a rede. | E17: 1;2;3;4;5 | F17: =IFERROR(IF(VLOOKUP(C17,Questionário!A:A,1,FALSE)=C17,"Ok","Ausente"),"Ausente") -> Ok | G17: =COUNTIF(Questionário!A:A,'Checagem Referencial V29.09'!C17) -> 1
A18: 2. Planejamento | B18: Adesão e Rotina | C18: E2D1_5 | D18: As Regionais inserem seus planos de ação no Sistema de Gestão para o Avanço Contínuo da Educação (Sigae) no prazo estipulado pelo cronograma pactuado com a rede. | E18: 1;2;3;4;5 | F18: =IFERROR(IF(VLOOKUP(C18,Questionário!A:A,1,FALSE)=C18,"Ok","Ausente"),"Ausente") -> Ok | G18: =COUNTIF(Questionário!A:A,'Checagem Referencial V29.09'!C18) -> 1
A19: 2. Planejamento | B19: Adesão e Rotina | C19: E2D1_7 | D19: O plano de ação da Secretaria Estadual de Educação é orientado pelos objetivos estratégicos. | E19: 1;5 | F19: =IFERROR(IF(VLOOKUP(C19,Questionário!A:A,1,FALSE)=C19,"Ok","Ausente"),"Ausente") -> Ok | G19: =COUNTIF(Questionário!A:A,'Checagem Referencial V29.09'!C19) -> 1
A20: 2. Planejamento | B20: Adesão e Rotina | C20: E2D1_8 | D20: O plano de ação das Regionais é orientado pelos objetivos estratégicos estabelecidos pela Secretaria Estadual de Educação. | E20: 1;2;5 | F20: =IFERROR(IF(VLOOKUP(C20,Questionário!A:A,1,FALSE)=C20,"Ok","Ausente"),"Ausente") -> Ok | G20: =COUNTIF(Questionário!A:A,'Checagem Referencial V29.09'!C20) -> 2
A21: 2. Planejamento | B21: Adesão e Rotina | C21: E2D1_10 | D21: O plano de ação da Secretaria Estadual de Educação é elaborado com base no diagnóstico feito no ano anterior, com foco nos resultados de aprendizagem e fluxo (aprovação e abandono). | E21: 1 | F21: =IFERROR(IF(VLOOKUP(C21,Questionário!A:A,1,FALSE)=C21,"Ok","Ausente"),"Ausente") -> Ok | G21: =COUNTIF(Questionário!A:A,'Checagem Referencial V29.09'!C21) -> 1
A22: 2. Planejamento | B22: Adesão e Rotina | C22: E2D1_11 | D22: Os planos de ação das Regionais são elaborados com base no diagnóstico feito no ano anterior, com foco nos resultados de aprendizagem e fluxo (aprovação e abandono). | E22: 1;2;3 | F22: =IFERROR(IF(VLOOKUP(C22,Questionário!A:A,1,FALSE)=C22,"Ok","Ausente"),"Ausente") -> Ok | G22: =COUNTIF(Questionário!A:A,'Checagem Referencial V29.09'!C22) -> 1
A23: 2. Planejamento | B23: Engajamento | C23: E2D2_13 | D23: Há profissionais de diferentes áreas da Secretaria Estadual de Educação (área financeira, pedagógica, infraestrutura, pessoas, etc.) com atribuições de tarefas e ações no plano de ações da secretaria. | E23: 1 | F23: =IFERROR(IF(VLOOKUP(C23,Questionário!A:A,1,FALSE)=C23,"Ok","Ausente"),"Ausente") -> Ok | G23: =COUNTIF(Questionário!A:A,'Checagem Referencial V29.09'!C23) -> 2
... A44: 3. Execução | B44: Engajamento | C44: E3D2_14 | D44: A equipe gestora da Secretaria Estadual de Educação acompanha a execução do seu plano de ação. | E44: 1;2 | F44: =IFERROR(IF(VLOOKUP(C44,Questionário!A:A,1,FALSE)=C44,"Ok","Ausente"),"Ausente") -> Ok | G44: =COUNTIF(Questionário!A:A,'Checagem Referencial V29.09'!C44) -> 3
A45: 3. Execução | B45: Engajamento | C45: E3D2_15 | D45: A equipe gestora da Secretaria Estadual de Educação apoia os profissionais responsáveis pelas ações (do seu plano de ação) | E45: 1 | F45: =IFERROR(IF(VLOOKUP(C45,Questionário!A:A,1,FALSE)=C45,"Ok","Ausente"),"Ausente") -> Ausente | G45: =COUNTIF(Questionário!A:A,'Checagem Referencial V29.09'!C45) -> 0 | H45: Confirmada a exclusão por e-mail pela Mariana Bittar em 25.10.23
A46: 3. Execução | B46: Autonomia | C46: E3D3_23 | D46: Há ACGs suficientes para realizar adequadamente o acompanhamento das atividades nas escolas. | E46: 1;2;3;4 | F46: =IFERROR(IF(VLOOKUP(C46,Questionário!A:A,1,FALSE)=C46,"Ok","Ausente"),"Ausente") -> Ok | G46: =COUNTIF(Questionário!A:A,'Checagem Referencial V29.09'!C46) -> 1
A47: 3. Execução | B47: Autonomia | C47: E3D3_25 | D47: A Secretaria conta com uma equipe técnica para acompanhamento e execução das ações prevista no CdG. | E47: 1;2 | F47: =IFERROR(IF(VLOOKUP(C47,Questionário!A:A,1,FALSE)=C47,"Ok","Ausente"),"Ausente") -> Ok | G47: =COUNTIF(Questionário!A:A,'Checagem Referencial V29.09'!C47) -> 3
A48: 3. Execução | B48: Apoio entre Instâncias | C48: E3D4_26 | D48: A Secretaria Estadual de Educação acompanha e apoia o processo de execução do plano de ação das regionais. | E48: 1;2 | F48: =IFERROR(IF(VLOOKUP(C48,Questionário!A:A,1,FALSE)=C48,"Ok","Ausente"),"Ausente") -> Ok | G48: =COUNTIF(Questionário!A:A,'Checagem Referencial V29.09'!C48) -> 2
A49: 3. Execução | B49: Apoio entre Instâncias | C49: E3D4_29 | D49: A Secretaria orienta as regionais para a inserção dos dados sobre as tarefas e resultados dos seus respectivos planos de ação. | E49: 1;2;3;4 | F49: =IFERROR(IF(VLOOKUP(C49,Questionário!A:A,1,FALSE)=C49,"Ok","Ausente"),"Ausente") -> Ok | G49: =COUNTIF(Questionário!A:A,'Checagem Referencial V29.09'!C49) -> 1
A50: 3. Execução | B50: Customização | C50: E3D5_32 | D50: A Secretaria fez customizações em ao menos um processo da etapa de execução (indicadores específicos, formulários para registro de informações, roteiros de análise e de orientação e sistematização das atividades, instruções para o uso do sistema de informações) | E50: 1;2;3 | F50: =IFERROR(IF(VLOOKUP(C50,Questionário!A:A,1,FALSE)=C50,"Ok","Ausente"),"Ausente") -> Ok | G50: =COUNTIF(Questionário!A:A,'Checagem Referencial V29.09'!C50) -> 1
A51: 3. Execução | B51: Customização | C51: E3D5_36 | D51: Houve adaptações nos protocolos de execução, considerando o contexto e a realidade da rede. | E51: 1;2;3 | F51: =IFERROR(IF(VLOOKUP(C51,Questionário!A:A,1,FALSE)=C51,"Ok","Ausente"),"Ausente") -> Ok | G51: =COUNTIF(Questionário!A:A,'Checagem Referencial V29.09'!C51) -> 2
A52: 4. Avaliação de Resultados | B52: Adesão e Rotina | C52: E4D1_2 | D52: O grupo gestor da regional avalia se a regional e seu conjunto de escolas estão atingindo os resultados propostos, com base nos indicadores de execução (do plano de ação) e estruturantes e posta sua analise no SIGAE no prazo previsto no calendário. | E52: 1;2;3 | F52: =IFERROR(IF(VLOOKUP(C52,Questionário!A:A,1,FALSE)=C52,"Ok","Ausente"),"Ausente") -> Ok | G52: =COUNTIF(Questionário!A:A,'Checagem Referencial V29.09'!C52) -> 1
A53: 4. Avaliação de Resultados | B53: Adesão e Rotina | C53: E4D1_3 | D53: O grupo gestor da Secretaria avalia se a Secretaria, regionais e escolas estão atingindo os resultados propostos, com base nos indicadores de execução (do plano de ação) e estruturantes no prazo previsto no calendário. | E53: 1;5 | F53: =IFERROR(IF(VLOOKUP(C53,Questionário!A:A,1,FALSE)=C53,"Ok","Ausente"),"Ausente") -> Ok | G53: =COUNTIF(Questionário!A:A,'Checagem Referencial V29.09'!C53) -> 1
A54: 4. Avaliação de Resultados | B54: Engajamento | C54: E4D2_7 | D54: Os profissionais com atribuições de ações no plano da Secretaria Estadual de Educação participam da N4. | E54: 1;5 | F54: =IFERROR(IF(VLOOKUP(C54,Questionário!A:A,1,FALSE)=C54,"Ok","Ausente"),"Ausente") -> Ok | G54: =COUNTIF(Questionário!A:A,'Checagem Referencial V29.09'!C54) -> 1
A55: 4. Avaliação de Resultados | B55: Autonomia | C55: E4D3_4 | D55: A equipe técnica da Secretaria Estadual de Educação realiza a extração dos dados do sistema da Secretaria e os inserem no Sistema de Gestão para o Avanço Contínuo da Educação (Sigae). | E55: 1;2 | F55: =IFERROR(IF(VLOOKUP(C55,Questionário!A:A,1,FALSE)=C55,"Ok","Ausente"),"Ausente") -> Ok | G55: =COUNTIF(Questionário!A:A,'Checagem Referencial V29.09'!C55) -> 1
A56: 4. Avaliação de Resultados | B56: Autonomia | C56: E4D3_10 | D56: A Secretaria Estadual de Educação dispõe de recursos técnicos (sistemas, base de dados estruturada, computadores, softwares adequados, etc.) necessários para calcular os indicadores educacionais com qualidade e autonomia. | E56: 1 | F56: =IFERROR(IF(VLOOKUP(C56,Questionário!A:A,1,FALSE)=C56,"Ok","Ausente"),"Ausente") -> Ok | G56: =COUNTIF(Questionário!A:A,'Checagem Referencial V29.09'!C56) -> 1
A57: 4. Avaliação de Resultados | B57: Autonomia | C57: E4D3_11 | D57: A Secretaria Estadual de Educação possui uma equipe de profissionais que conhece as formas de cálculo e metodologias utilizadas para calcular os indicadores, produzir e homologar informações e relatórios para a SMAR. | E57: 1 | F57: =IFERROR(IF(VLOOKUP(C57,Questionário!A:A,1,FALSE)=C57,"Ok","Ausente"),"Ausente") -> Ok | G57: =COUNTIF(Questionário!A:A,'Checagem Referencial V29.09'!C57) -> 1
... A60: 4. Avaliação de Resultados | B60: Apoio entre Instancias | C60: E4D4_21 | D60: Os profissionais da Secretaria Estadual de Educação analisam os indicadores de execução do plano de ação e os indicadores estruturantes das Regionais. | E60: 1;2 | F60: =IFERROR(IF(VLOOKUP(C60,Questionário!A:A,1,FALSE)=C60,"Ok","Ausente"),"Ausente") -> Ok | G60: =COUNTIF(Questionário!A:A,'Checagem Referencial V29.09'!C60) -> 1
A61: 4. Avaliação de Resultados | B61: Apoio entre Instancias | C61: E4D4_22 | D61: Os profissionais da Secretaria Estadual de Educação dialogam com a equipe gestora da regional sobre os resultados dos indicadores de execução do plano de ação e estruturantes das Regionais. | E61: 1;2 | F61: =IFERROR(IF(VLOOKUP(C61,Questionário!A:A,1,FALSE)=C61,"Ok","Ausente"),"Ausente") -> Ausente | G61: =COUNTIF(Questionário!A:A,'Checagem Referencial V29.09'!C61) -> 0 | H61: Excluído após revisão de Mariana Bittar em 13.10
A62: 4. Avaliação de Resultados | B62: Customização | C62: E4D5_23 | D62: A Secretaria Estadual de Educação fez customizações em ao menos um processo da etapa de avaliação (adaptações nos processos, indicadores específicos, formulários para registro de informações, roteiros de análise e de orientação e sistematização das atividades, instruções para o uso do sistema de informações). | E62: 1 | F62: =IFERROR(IF(VLOOKUP(C62,Questionário!A:A,1,FALSE)=C62,"Ok","Ausente"),"Ausente") -> Ok | G62: =COUNTIF(Questionário!A:A,'Checagem Referencial V29.09'!C62) -> 1
A63: 4. Avaliação de Resultados | B63: Customização | C63: E4D5_25 | D63: A Secretaria Estadual de Educação fez customizações em ao menos um processo da etapa de avaliação (adaptações nos processos, indicadores específicos, formulários para registro de informações, roteiros de análise e de orientação e sistematização das atividades, instruções para o uso do sistema de informações) | E63: 1 | F63: =IFERROR(IF(VLOOKUP(C63,Questionário!A:A,1,FALSE)=C63,"Ok","Ausente"),"Ausente") -> Ok | G63: =COUNTIF(Questionário!A:A,'Checagem Referencial V29.09'!C63) -> 1
A64: 4. Avaliação de Resultados | B64: Customização | C64: E4D5_27 | D64: Houve adaptações nos protocolos de SMAR, considerando o conteúdo e a realidade da rede. | E64: 1;2;3;4 | F64: =IFERROR(IF(VLOOKUP(C64,Questionário!A:A,1,FALSE)=C64,"Ok","Ausente"),"Ausente") -> Ok | G64: =COUNTIF(Questionário!A:A,'Checagem Referencial V29.09'!C64) -> 1
A65: 5. Compartilhamento de Práticas | B65: Adesão e Rotina | C65: E5D1_1 | D65: São realizados encontros para troca de práticas e aprendizado entre profissionais das escolas. | E65: 1;2;3;4;5 | F65: =IFERROR(IF(VLOOKUP(C65,Questionário!A:A,1,FALSE)=C65,"Ok","Ausente"),"Ausente") -> Ok | G65: =COUNTIF(Questionário!A:A,'Checagem Referencial V29.09'!C65) -> 1
A66: 5. Compartilhamento de Práticas | B66: Adesão e Rotina | C66: E5D1_2 | D66: São realizados encontros para troca de práticas e aprendizado entre profissionais das regionais. | E66: 1;2 | F66: =IFERROR(IF(VLOOKUP(C66,Questionário!A:A,1,FALSE)=C66,"Ok","Ausente"),"Ausente") -> Ok | G66: =COUNTIF(Questionário!A:A,'Checagem Referencial V29.09'!C66) -> 1
A67: 5. Compartilhamento de Práticas | B67: Adesão e Rotina | C67: E5D1_3 | D67: A Secretaria Estadual de Educação organiza espaços de trocas de práticas e aprendizados entre as Regionais. | E67: 1;2 | F67: =IFERROR(IF(VLOOKUP(C67,Questionário!A:A,1,FALSE)=C67,"Ok","Ausente"),"Ausente") -> Ok | G67: =COUNTIF(Questionário!A:A,'Checagem Referencial V29.09'!C67) -> 1
A68: 5. Compartilhamento de Práticas | B68: Adesão e Rotina | C68: E5D1_4 | D68: As Regionais (ou a Secretaria) organizam espaços de trocas de práticas e aprendizados entre as escolas. | E68: 1;2;3;4 | F68: =IFERROR(IF(VLOOKUP(C68,Questionário!A:A,1,FALSE)=C68,"Ok","Ausente"),"Ausente") -> Ok | G68: =COUNTIF(Questionário!A:A,'Checagem Referencial V29.09'!C68) -> 1
A69: 5. Compartilhamento de Práticas | B69: Engajamento | C69: E5D2_5 | D69: Profissionais das Regionais participam regularmente dos encontros para troca de práticas e aprendizados. | E69: 1;2;3 | F69: =IFERROR(IF(VLOOKUP(C69,Questionário!A:A,1,FALSE)=C69,"Ok","Ausente"),"Ausente") -> Ok | G69: =COUNTIF(Questionário!A:A,'Checagem Referencial V29.09'!C69) -> 1
A70: 5. Compartilhamento de Práticas | B70: Engajamento | C70: E5D2_6 | D70: Profissionais das Escolas participam regularmente dos encontros para troca de práticas e aprendizados. | E70: 1;2;3;4 | F70: =IFERROR(IF(VLOOKUP(C70,Questionário!A:A,1,FALSE)=C70,"Ok","Ausente"),"Ausente") -> Ok | G70: =COUNTIF(Questionário!A:A,'Checagem Referencial V29.09'!C70) -> 1
A71: 5. Compartilhamento de Práticas | B71: Engajamento | C71: E5D2_7 | D71: Profissionais da Secretaria reconhecem a importância do compartilhamento de práticas e experiências para ampliação dos repertórios e da eficiência, eficácia e efetividade do plano de ação. | E71: 1 | F71: =IFERROR(IF(VLOOKUP(C71,Questionário!A:A,1,FALSE)=C71,"Ok","Ausente"),"Ausente") -> Ok | G71: =COUNTIF(Questionário!A:A,'Checagem Referencial V29.09'!C71) -> 1
A72: 5. Compartilhamento de Práticas | B72: Engajamento | C72: E5D2_10 | D72: Os profissionais das Regionais possuem informações sobre práticas desenvolvidas por seus pares ou outras instâncias. | E72: 1;2;3 | F72: =IFERROR(IF(VLOOKUP(C72,Questionário!A:A,1,FALSE)=C72,"Ok","Ausente"),"Ausente") -> Ok | G72: =COUNTIF(Questionário!A:A,'Checagem Referencial V29.09'!C72) -> 1
A73: 5. Compartilhamento de Práticas | B73: Engajamento | C73: E5D2_12 | D73: Há ao menos um profissional na Regional responsável por sistematizar as praticas coletadas pelos ACGs. | E73: 1;2 | F73: =IFERROR(IF(VLOOKUP(C73,Questionário!A:A,1,FALSE)=C73,"Ok","Ausente"),"Ausente") -> Ausente | G73: =COUNTIF(Questionário!A:A,'Checagem Referencial V29.09'!C73) -> 0 | H73: Solicitada a exclusão em 28.08. | I73: deixar para as regionais e ACGs
A74: 5. Compartilhamento de Práticas | B74: Autonomia | C74: E5D3_13 | D74: A Secretaria Estadual de Educação desenvolve estratégias de mobilização, elaboram materiais de apoio, garantem espaços para a interação e troca entre as equipes escolares e das regionais. | E74: 1;2;3 | F74: =IFERROR(IF(VLOOKUP(C74,Questionário!A:A,1,FALSE)=C74,"Ok","Ausente"),"Ausente") -> Ok | G74: =COUNTIF(Questionário!A:A,'Checagem Referencial V29.09'!C74) -> 1
A75: 5. Compartilhamento de Práticas | B75: Autonomia | C75: E5D3_15 | D75: A Secretaria Estadual de Educação possui um banco de práticas para ampliação do repertório, com informações suficientes para permitir replicabilidade. | E75: 1;2;3;4 | F75: =IFERROR(IF(VLOOKUP(C75,Questionário!A:A,1,FALSE)=C75,"Ok","Ausente"),"Ausente") -> Ok | G75: =COUNTIF(Questionário!A:A,'Checagem Referencial V29.09'!C75) -> 2
A76: 5. Compartilhamento de Práticas | B76: Autonomia | C76: E5D3_16 | D76: A Secretaria Estadual de Educação estabelece parâmetros de aferição de práticas a serem compartilhadas, indicadores de sucesso e replicabilidade. | E76: 1;2 | F76: =IFERROR(IF(VLOOKUP(C76,Questionário!A:A,1,FALSE)=C76,"Ok","Ausente"),"Ausente") -> Ok | G76: =COUNTIF(Questionário!A:A,'Checagem Referencial V29.09'!C76) -> 1
A77: 5. Compartilhamento de Práticas | B77: Autonomia | C77: E5D3_18 | D77: A Secretaria Estadual de Educação e as Regionais identificam e disseminam práticas com potencial para gerar reflexão junto às regionais e escolas, a partir dos objetivos e marcos a serem alcançados e das estratégias adotadas pelas escolas e regionais. | E77: 1;2;3;4 | F77: =IFERROR(IF(VLOOKUP(C77,Questionário!A:A,1,FALSE)=C77,"Ok","Ausente"),"Ausente") -> Ok | G77: =COUNTIF(Questionário!A:A,'Checagem Referencial V29.09'!C77) -> 1
A78: 5. Compartilhamento de Práticas | B78: Apoio entre Instâncias | C78: E5D4_20 | D78: O profissional da Secretaria responsável pelo apoio às regionais apoia a equipe gestora na identificação e seleção de práticas com potencial para gerar reflexão nos encontros para troca de práticas e aprendizados com pares. | E78: 1;2 | F78: =IFERROR(IF(VLOOKUP(C78,Questionário!A:A,1,FALSE)=C78,"Ok","Ausente"),"Ausente") -> Ok | G78: =COUNTIF(Questionário!A:A,'Checagem Referencial V29.09'!C78) -> 1
A79: 5. Compartilhamento de Práticas | B79: Customização | C79: E5D5_21 | D79: A Secretaria fez customizações em ao menos um processo da etapa de compartilhamento de práticas (indicadores específicos, formulários para registro de informações, roteiros de análise e de orientação e sistematização das atividades, instruções para o uso do sistema de informações). | E79: 1 | F79: =IFERROR(IF(VLOOKUP(C79,Questionário!A:A,1,FALSE)=C79,"Ok","Ausente"),"Ausente") -> Ok | G79: =COUNTIF(Questionário!A:A,'Checagem Referencial V29.09'!C79) -> 1
A80: 5. Compartilhamento de Práticas | B80: Customização | C80: E5D5_23 | D80: A Secretaria fez customizações em ao menos um protocolo da etapa de compartilhamento de práticas (indicadores específicos, formulários para registro de informações, roteiros de análise e de orientação e sistematização das atividades, instruções para o uso do sistema de informações). | E80: 1 | F80: =IFERROR(IF(VLOOKUP(C80,Questionário!A:A,1,FALSE)=C80,"Ok","Ausente"),"Ausente") -> Ok | G80: =COUNTIF(Questionário!A:A,'Checagem Referencial V29.09'!C80) -> 1
A81: 6. Correção de Rotas | B81: Adesão e Rotina | C81: E6D1_2 | D81: Os grupos gestores das Regionais reformulam seus planos de ação considerando os resultados da etapa de avaliação, as práticas e experiências compartilhadas. | E81: 1;2 | F81: =IFERROR(IF(VLOOKUP(C81,Questionário!A:A,1,FALSE)=C81,"Ok","Ausente"),"Ausente") -> Ok | G81: =COUNTIF(Questionário!A:A,'Checagem Referencial V29.09'!C81) -> 2
A82: 6. Correção de Rotas | B82: Adesão e Rotina | C82: E6D1_3 | D82: A equipe gestora da Secretaria Estadual de Educação reformula seu plano de ação, considerando os resultados da etapa de avaliação. | E82: 1 | F82: =IFERROR(IF(VLOOKUP(C82,Questionário!A:A,1,FALSE)=C82,"Ok","Ausente"),"Ausente") -> Ok | G82: =COUNTIF(Questionário!A:A,'Checagem Referencial V29.09'!C82) -> 1
A83: 6. Correção de Rotas | B83: Adesão e Rotina | C83: E6D2_5 | D83: As equipes das Regionais postam no Sistema de Gestão para o Avanço Contínuo da Educação (Sigae) os novos Planos de Ação dentro do prazo pactuado. | E83: 1;2;5 | F83: =IFERROR(IF(VLOOKUP(C83,Questionário!A:A,1,FALSE)=C83,"Ok","Ausente"),"Ausente") -> Ok | G83: =COUNTIF(Questionário!A:A,'Checagem Referencial V29.09'!C83) -> 1
A84: 6. Correção de Rotas | B84: Adesão e Rotina | C84: E6D2_6 | D84: A equipe da Secretaria Estadual de Educação posta no Sistema de Gestão para o Avanço Contínuo da Educação (Sigae) os novos Planos de Ação dentro do prazo pactuado. | E84: 1;5 | F84: =IFERROR(IF(VLOOKUP(C84,Questionário!A:A,1,FALSE)=C84,"Ok","Ausente"),"Ausente") -> Ok | G84: =COUNTIF(Questionário!A:A,'Checagem Referencial V29.09'!C84) -> 1
A85: 6. Correção de Rotas | B85: Engajamento | C85: E6D2_7 | D85: A Secretaria Estadual de Educação mobiliza profissionais de diferentes áreas (área financeira, pedagógica, infraestrutura, pessoas, etc.) para a etapa de correção de rotas. | E85: 1 | F85: =IFERROR(IF(VLOOKUP(C85,Questionário!A:A,1,FALSE)=C85,"Ok","Ausente"),"Ausente") -> Ok | G85: =COUNTIF(Questionário!A:A,'Checagem Referencial V29.09'!C85) -> 1
... A89: 6. Correção de Rotas | B89: Autonomia | C89: E6D2_16 | D89: Há ao menos um profissional na Secretaria Estadual de Educação responsável por orientar, acompanhar e apoiar o trabalho do técnico da regional na etapa de correção de rotas. | E89: 1;2 | F89: =IFERROR(IF(VLOOKUP(C89,Questionário!A:A,1,FALSE)=C89,"Ok","Ausente"),"Ausente") -> Ok | G89: =COUNTIF(Questionário!A:A,'Checagem Referencial V29.09'!C89) -> 2
A90: 6. Correção de Rotas | B90: Autonomia | C90: E6D3_19 | D90: As Regionais produzem e documentam evidências (dados, relatórios e materiais de apoio) ao longo do circuito de gestão, a fim de utilizá-las para a correção de rotas. | E90: 1;2 | F90: =IFERROR(IF(VLOOKUP(C90,[1]Questionário!A:A,1,FALSE)=C90,"Ok","Ausente"),"Ausente") -> Ausente | G90: =COUNTIF(Questionário!A:A,'Checagem Referencial V29.09'!C90) -> 0 | H90: Sugestão de exclusão em 22.09.23. Validada a exclusão em 29.09.23 | I90: ok
A91: 6. Correção de Rotas | B91: Autonomia | C91: E6D3_20 | D91: A Secretaria Estadual de Educação produz e documenta evidências (dados, relatórios e materiais de apoio) ao longo do circuito de gestão, a fim de utilizá-las para a correção de rotas. | E91: 1 | F91: =IFERROR(IF(VLOOKUP(C91,[1]Questionário!A:A,1,FALSE)=C91,"Ok","Ausente"),"Ausente") -> Ausente | G91: =COUNTIF(Questionário!A:A,'Checagem Referencial V29.09'!C91) -> 0 | H91: Sugestão de exclusão em 22.09.23. Validada a exclusão em 29.09.23 | I91: ok
A92: 6. Correção de Rotas | B92: Apoio entre Instâncias | C92: E6D4_21 | D92: A Secretaria apoia tecnicamente as regionais na correção de rotas. | E92: 1;2 | F92: =IFERROR(IF(VLOOKUP(C92,Questionário!A:A,1,FALSE)=C92,"Ok","Ausente"),"Ausente") -> Ok | G92: =COUNTIF(Questionário!A:A,'Checagem Referencial V29.09'!C92) -> 1
A93: 6. Correção de Rotas | B93: Apoio entre Instâncias | C93: E6D4_23 | D93: A Secretaria Estadual de Educação a partir da correção de rotas, define novas prioridades, programas ou projetos a serem adotados pela rede. | E93: 1;2;3 | F93: =IFERROR(IF(VLOOKUP(C93,Questionário!A:A,1,FALSE)=C93,"Ok","Ausente"),"Ausente") -> Ok | G93: =COUNTIF(Questionário!A:A,'Checagem Referencial V29.09'!C93) -> 2
A94: 6. Correção de Rotas | B94: Customização | C94: E6D5_25 | D94: A Secretaria fez customizações em ao menos um processo da etapa de correção de rotas (indicadores específicos, formulários para registro de informações, roteiros de análise e de orientação e sistematização das atividades, instruções para o uso do sistema de informações). | E94: 1 | F94: =IFERROR(IF(VLOOKUP(C94,Questionário!A:A,1,FALSE)=C94,"Ok","Ausente"),"Ausente") -> Ok | G94: =COUNTIF(Questionário!A:A,'Checagem Referencial V29.09'!C94) -> 1
A95: 6. Correção de Rotas | B95: Customização | C95: E6D5_27 | D95: A Secretaria Estadual de Educação fez customizações em ao menos um protocolo da etapa de correção de rotas. | E95: 1 | F95: =IFERROR(IF(VLOOKUP(C95,Questionário!A:A,1,FALSE)=C95,"Ok","Ausente"),"Ausente") -> Ok | G95: =COUNTIF(Questionário!A:A,'Checagem Referencial V29.09'!C95) -> 1
A96: 1. Governança | B96: Adesão e Rotina | C96: A1D1_1 | D96: As reuniões do Comitê Tático acontecem conforme cronograma do CdG pactuado pela Rede. | E96: 1 | F96: =IFERROR(IF(VLOOKUP(C96,Questionário!A:A,1,FALSE)=C96,"Ok","Ausente"),"Ausente") -> Ok | G96: =COUNTIF(Questionário!A:A,'Checagem Referencial V29.09'!C96) -> 1
A97: 1. Governança | B97: Adesão e Rotina | C97: A1D1_2 | D97: As reuniões do Comitês Operacional acontecem conforme cronograma do CdG pactuado pela Rede. | E97: 1 | F97: =IFERROR(IF(VLOOKUP(C97,Questionário!A:A,1,FALSE)=C97,"Ok","Ausente"),"Ausente") -> Ok | G97: =COUNTIF(Questionário!A:A,'Checagem Referencial V29.09'!C97) -> 1
A98: 1. Governança | B98: Adesão e Rotina | C98: A1D1_3 | D98: As reuniões dos Comitê de Governança acontecem conforme cronograma do CdG pactuado pela Rede. | E98: 1 | F98: =IFERROR(IF(VLOOKUP(C98,Questionário!A:A,1,FALSE)=C98,"Ok","Ausente"),"Ausente") -> Ok | G98: =COUNTIF(Questionário!A:A,'Checagem Referencial V29.09'!C98) -> 1
A99: 1. Governança | B99: Adesão e Rotina | C99: A1D1_4 | D99: O Comitê de Governança compartilha e comunica as deliberações das reuniões com outros profissionais da Secretaria e com as Regionais. | E99: 1;2;3 | F99: =IFERROR(IF(VLOOKUP(C99,Questionário!A:A,1,FALSE)=C99,"Ok","Ausente"),"Ausente") -> Ok | G99: =COUNTIF(Questionário!A:A,'Checagem Referencial V29.09'!C99) -> 2
A100: 1. Governança | B100: Adesão e Rotina | C100: A1D1_5 | D100: É elaborado e pactuado um cronograma das ações que sustentam o CdG e monitorado a execução pelos comitês | E100: 1 | F100: =IFERROR(IF(VLOOKUP(C100,Questionário!A:A,1,FALSE)=C100,"Ok","Ausente"),"Ausente") -> Ok | G100: =COUNTIF(Questionário!A:A,'Checagem Referencial V29.09'!C100) -> 2
A101: 1. Governança | B101: Engajamento | C101: A1D2_6 | D101: O Comitê de Governança conta com o envolvimento de profissionais de diferentes áreas da Secretaria Estadual de Educação | E101: 1 | F101: =IFERROR(IF(VLOOKUP(C101,Questionário!A:A,1,FALSE)=C101,"Ok","Ausente"),"Ausente") -> Ok | G101: =COUNTIF(Questionário!A:A,'Checagem Referencial V29.09'!C101) -> 1
A102: 1. Governança | B102: Engajamento | C102: A1D2_7 | D102: O Comitê Tático conta com o envolvimento dos profissionais de diferentes áreas da Secretaria Estadual de Educação para a implementação do CdG. | E102: 1 | F102: =IFERROR(IF(VLOOKUP(C102,Questionário!A:A,1,FALSE)=C102,"Ok","Ausente"),"Ausente") -> Ok | G102: =COUNTIF(Questionário!A:A,'Checagem Referencial V29.09'!C102) -> 1
A103: 1. Governança | B103: Engajamento | C103: A1D2_8 | D103: Há um representante do Gestor da Secretaria Estadual de Educação nas reuniões do Comitê Tático. | E103: 1 | F103: =IFERROR(IF(VLOOKUP(C103,Questionário!A:A,1,FALSE)=C103,"Ok","Ausente"),"Ausente") -> Ok | G103: =COUNTIF(Questionário!A:A,'Checagem Referencial V29.09'!C103) -> 1
... A105: 1. Governança | B105: Autonomia | C105: A1D3_10 | D105: A Secretaria Estadual de Educação possui uma rotina de organização da agenda, pautas, atas e encaminhamentos dos diferentes Comitês. | E105: 1 | F105: =IFERROR(IF(VLOOKUP(C105,Questionário!A:A,1,FALSE)=C105,"Ok","Ausente"),"Ausente") -> Ok | G105: =COUNTIF(Questionário!A:A,'Checagem Referencial V29.09'!C105) -> 1
A106: 1. Governança | B106: Autonomia | C106: A1D3_11 | D106: O Comitê de Governança conta com profissionais que participam das decisões estratégicas da Secretaria. | E106: 1 | F106: =IFERROR(IF(VLOOKUP(C106,Questionário!A:A,1,FALSE)=C106,"Ok","Ausente"),"Ausente") -> Ausente | G106: =COUNTIF(Questionário!A:A,'Checagem Referencial V29.09'!C106) -> 0 | H106: Solicitada a exclusão em 28.08. Validada em 02.10 | I106: ok
A107: 1. Governança | B107: Autonomia | C107: A1D3_12 | D107: Os profissionais da Secretaria fazem as analises e elaboram relatórios e materiais de apoio para as reuniões do Comitê Operacional de maneira autônoma. | E107: 1 | F107: =IFERROR(IF(VLOOKUP(C107,Questionário!A:A,1,FALSE)=C107,"Ok","Ausente"),"Ausente") -> Ok | G107: =COUNTIF(Questionário!A:A,'Checagem Referencial V29.09'!C107) -> 2
A108: 1. Governança | B108: Autonomia | C108: A1D3_13 | D108: Os profissionais da Secretaria fazem as analises e elaboram relatórios e materiais de apoio para as reuniões do Comitê Tático de maneira autônoma. | E108: 1 | F108: =IFERROR(IF(VLOOKUP(C108,Questionário!A:A,1,FALSE)=C108,"Ok","Ausente"),"Ausente") -> Ok | G108: =COUNTIF(Questionário!A:A,'Checagem Referencial V29.09'!C108) -> 2
A109: 1. Governança | B109: Autonomia | C109: A1D3_14 | D109: Os profissionais da Secretaria fazem as analises e elaboram relatórios e materiais de apoio para as reuniões do Comitê de Governança de maneira autônoma. | E109: 1 | F109: =IFERROR(IF(VLOOKUP(C109,Questionário!A:A,1,FALSE)=C109,"Ok","Ausente"),"Ausente") -> Ok | G109: =COUNTIF(Questionário!A:A,'Checagem Referencial V29.09'!C109) -> 1
A110: 1. Governança | B110: Customização | C110: A1D5_15 | D110: O Comitê Tático/Operacional propõe novas soluções de gestão considerando os problemas relacionados ao circuito no Estado. | E110: 1 | F110: =IFERROR(IF(VLOOKUP(C110,Questionário!A:A,1,FALSE)=C110,"Ok","Ausente"),"Ausente") -> Ok | G110: =COUNTIF(Questionário!A:A,'Checagem Referencial V29.09'!C110) -> 2
A111: 2. Formação | B111: Adesão e Rotina | C111: A2D1_1 | D111: Há uma estratégia para preparar (ou formar) os novos profissionais para implementarem o CdG | E111: 1;2;3 | F111: =IFERROR(IF(VLOOKUP(C111,Questionário!A:A,1,FALSE)=C111,"Ok","Ausente"),"Ausente") -> Ok | G111: =COUNTIF(Questionário!A:A,'Checagem Referencial V29.09'!C111) -> 1
A112: 2. Formação | B112: Adesão e Rotina | C112: A2D1_2 | D112: Existe acompanhamento e monitoramento da formação dos profissionais que fazem parte do CdG | E112: 1;2 | F112: =IFERROR(IF(VLOOKUP(C112,Questionário!A:A,1,FALSE)=C112,"Ok","Ausente"),"Ausente") -> Ok | G112: =COUNTIF(Questionário!A:A,'Checagem Referencial V29.09'!C112) -> 1
A113: 2. Formação | B113: Engajamento | C113: A2D2_3 | D113: As Regionais mapeiam as demandas por formações do CdG e oferecem as formações ou encaminham para a Secretaria Estadual de Educação. | E113: 1;2;3 | F113: =IFERROR(IF(VLOOKUP(C113,Questionário!A:A,1,FALSE)=C113,"Ok","Ausente"),"Ausente") -> Ok | G113: =COUNTIF(Questionário!A:A,'Checagem Referencial V29.09'!C113) -> 1
A114: 2. Formação | B114: Engajamento | C114: A2D2_4 | D114: A secretaria dispõem de um plano de desenvolvimento dos profissionais que estão no CdG. | E114: 1;2 | F114: =IFERROR(IF(VLOOKUP(C114,Questionário!A:A,1,FALSE)=C114,"Ok","Ausente"),"Ausente") -> Ausente | G114: =COUNTIF(Questionário!A:A,'Checagem Referencial V29.09'!C114) -> 0 | H114: Solicitação de exclusão por Mariana Bittar na revisão de 24.10.23
A115: 2. Formação | B115: Engajamento | C115: A2D2_8 | D115: Existe um profissional em cada regional que apoia no processo formativo dos ACGs e Gestores Escolares | E115: 1;2 | F115: =IFERROR(IF(VLOOKUP(C115,Questionário!A:A,1,FALSE)=C115,"Ok","Ausente"),"Ausente") -> Ok | G115: =COUNTIF(Questionário!A:A,'Checagem Referencial V29.09'!C115) -> 2
A116: 2. Formação | B116: Autonomia | C116: A2D3_5 | D116: Existem materiais e instrumentos de monitoramento e avaliação capazes de produzir evidências que orientem a OFERTA dos cursos às necessidades dos profissionais da rede. | E116: 1 | F116: =IFERROR(IF(VLOOKUP(C116,Questionário!A:A,1,FALSE)=C116,"Ok","Ausente"),"Ausente") -> Ausente | G116: =COUNTIF(Questionário!A:A,'Checagem Referencial V29.09'!C116) -> 0 | H116: Solicitação de exclusão por Mariana Bittar na revisão de 24.10.23
A117: 2. Formação | B117: Autonomia | C117: A2D3_6 | D117: Considerando a rotatividade dos profissionais, a Secretaria e/ ou Regionais oferecem ações formativas para que novos técnicos das regionais e novos ACGs se apropriem das ações do CdG | E117: 1;2;3;4 | F117: =IFERROR(IF(VLOOKUP(C117,Questionário!A:A,1,FALSE)=C117,"Ok","Ausente"),"Ausente") -> Ok | G117: =COUNTIF(Questionário!A:A,'Checagem Referencial V29.09'!C117) -> 1
A118: 2. Formação | B118: Autonomia | C118: A2D3_7 | D118: Considerando a rotatividade dos profissionais, Secretaria e/ou regionais possuem profissionais aptos a formarem (ou preparem) os novos profissionais das escolas para implementarem o CdG | E118: 1;2;3;4 | F118: =IFERROR(IF(VLOOKUP(C118,Questionário!A:A,1,FALSE)=C118,"Ok","Ausente"),"Ausente") -> Ok | G118: =COUNTIF(Questionário!A:A,'Checagem Referencial V29.09'!C118) -> 1
A119: 2. Formação | B119: Autonomia | C119: A2D3_9 | D119: A equipe responsável pelo Jovem de Futuro na Secretaria planeja novas formações para aprimoramento do CdG. | E119: 1;2;3;4 | F119: =IFERROR(IF(VLOOKUP(C119,Questionário!A:A,1,FALSE)=C119,"Ok","Ausente"),"Ausente") -> Ok | G119: =COUNTIF(Questionário!A:A,'Checagem Referencial V29.09'!C119) -> 1
A120: 2. Formação | B120: Apoio entre Instâncias | C120: A2D4_10 | D120: A Secretaria Estadual de Educação apoia as regionais no mapeamento e encaminhamento das demandas por formações das escolas sob sua jurisdição. | E120: 1;2 | F120: =IFERROR(IF(VLOOKUP(C120,[1]Questionário!A:A,1,FALSE)=C120,"Ok","Ausente"),"Ausente") -> Ausente | G120: =COUNTIF(Questionário!A:A,'Checagem Referencial V29.09'!C120) -> 0 | H120: Solicitada a exclusão em 28.08. Validada a exclusão em 29.09.23 | I120: ok
A121: 2. Formação | B121: Customização | C121: A2D5_11 | D121: Existem materiais e instrumentos de monitoramento e avaliação capazes de produzir evidências que orientem a ADEQUAÇÃO dos cursos às necessidades dos profissionais da rede. | E121: 1;2 | F121: =IFERROR(IF(VLOOKUP(C121,Questionário!A:A,1,FALSE)=C121,"Ok","Ausente"),"Ausente") -> Ausente | G121: =COUNTIF(Questionário!A:A,'Checagem Referencial V29.09'!C121) -> 0 | H121: Solicitação de exclusão por Mariana Bittar na revisão de 24.10.23
A122: 2. Formação | B122: Customização | C122: A2D5_12 | D122: A Secretaria faz adaptações aos processos formativos do CdG. | E122: 1 | F122: =IFERROR(IF(VLOOKUP(C122,Questionário!A:A,1,FALSE)=C122,"Ok","Ausente"),"Ausente") -> Ausente | G122: =COUNTIF(Questionário!A:A,'Checagem Referencial V29.09'!C122) -> 0 | H122: Solicitada a exclusão na revisão de MB em 18.10
A123: 3. Mobilização | B123: Adesão e Rotina | C123: A3D1_1 | D123: São desenvolvidas ações de mobilização e engajamento dos profissionais das três instâncias (seminários, webinários, rodas de conversa, formações) para implementação do CdG. | E123: 1;2;3;4 | F123: =IFERROR(IF(VLOOKUP(C123,Questionário!A:A,1,FALSE)=C123,"Ok","Ausente"),"Ausente") -> Ok | G123: =COUNTIF(Questionário!A:A,'Checagem Referencial V29.09'!C123) -> 2
A124: 3. Mobilização | B124: Adesão e Rotina | C124: A3D1_2 | D124: São desenvolvidas ações de comunicação (redes sociais, e-mails, encontros...) para mobilização dos atores da rede a respeito da importância da gestão na educação para a promoção de melhores resultados e redução das desigualdades. | E124: 1;2;3;4 | F124: =IFERROR(IF(VLOOKUP(C124,Questionário!A:A,1,FALSE)=C124,"Ok","Ausente"),"Ausente") -> Ok | G124: =COUNTIF(Questionário!A:A,'Checagem Referencial V29.09'!C124) -> 1
A125: 3. Mobilização | B125: Engajamento | C125: A3D2_3 | D125: Há um plano de engajamento dos atores das três instâncias nas diferentes etapas do circuito. | E125: 1;2;3;4 | F125: =IFERROR(IF(VLOOKUP(C125,Questionário!A:A,1,FALSE)=C125,"Ok","Ausente"),"Ausente") -> Ok | G125: =COUNTIF(Questionário!A:A,'Checagem Referencial V29.09'!C125) -> 2
A126: 3. Mobilização | B126: Autonomia | C126: A3D3_6 | D126: A Secretaria Estadual de Educação possui um plano de trabalho para mobilização e engajamento dos diferentes profissionais em torno da gestão na educação para a promoção de melhores resultados e redução das desigualdades. | E126: 1;2;3 | F126: =IFERROR(IF(VLOOKUP(C126,Questionário!A:A,1,FALSE)=C126,"Ok","Ausente"),"Ausente") -> Ok | G126: =COUNTIF(Questionário!A:A,'Checagem Referencial V29.09'!C126) -> 1
...

Sheet Checagem_V1V2
A1: COD_FINAL_QUEST | B1: check_referencial
A2: E4D1_2 | B2: =VLOOKUP(A2,'Checagem Referencial V29.09'!C:C,1,FALSE) -> E4D1_2
A3: A1D1_1 | B3: =VLOOKUP(A3,'Checagem Referencial V29.09'!C:C,1,FALSE) -> A1D1_1
A4: A1D1_2 | B4: =VLOOKUP(A4,'Checagem Referencial V29.09'!C:C,1,FALSE) -> A1D1_2
A5: A1D1_3 | B5: =VLOOKUP(A5,'Checagem Referencial V29.09'!C:C,1,FALSE) -> A1D1_3
A6: A1D1_4 | B6: =VLOOKUP(A6,'Checagem Referencial V29.09'!C:C,1,FALSE) -> A1D1_4
A7: A1D1_5 | B7: =VLOOKUP(A7,'Checagem Referencial V29.09'!C:C,1,FALSE) -> A1D1_5
A8: A1D2_6 | B8: =VLOOKUP(A8,'Checagem Referencial V29.09'!C:C,1,FALSE) -> A1D2_6
A9: A1D2_7 | B9: =VLOOKUP(A9,'Checagem Referencial V29.09'!C:C,1,FALSE) -> A1D2_7
A10: A1D2_8 | B10: =VLOOKUP(A10,'Checagem Referencial V29.09'!C:C,1,FALSE) -> A1D2_8
A11: A1D2_9 | B11: =VLOOKUP(A11,'Checagem Referencial V29.09'!C:C,1,FALSE) -> A1D2_9
A12: A1D3_10 | B12: =VLOOKUP(A12,'Checagem Referencial V29.09'!C:C,1,FALSE) -> A1D3_10
A13: A1D3_12 | B13: =VLOOKUP(A13,'Checagem Referencial V29.09'!C:C,1,FALSE) -> A1D3_12
... A124: E6D5_27 | B124: =VLOOKUP(A124,'Checagem Referencial V29.09'!C:C,1,FALSE) -> E6D5_27

Sheet checagem_ref
A1: ref_29.09 | B1: ref 29.09 com a aba checagem referencial | C1: checagem referencial com o questionário
A2: E1D1_1 | B2: =IFERROR(IF(VLOOKUP(A2,'Checagem Referencial V29.09'!C:C,1,FALSE)=checagem_ref!A2,"Ok","Ausente"),"Ausente") -> Ok | C2: =IFERROR(IF(VLOOKUP(A2,Questionário!A:A,1,FALSE)=A2,"Ok","Ausente"),"Ausente") -> Ok
A3: E1D1_2 | B3: =IFERROR(IF(VLOOKUP(A3,'Checagem Referencial V29.09'!C:C,1,FALSE)=checagem_ref!A3,"Ok","Ausente"),"Ausente") -> Ok | C3: =IFERROR(IF(VLOOKUP(A3,Questionário!A:A,1,FALSE)=A3,"Ok","Ausente"),"Ausente") -> Ok
A4: E1D1_3 | B4: =IFERROR(IF(VLOOKUP(A4,'Checagem Referencial V29.09'!C:C,1,FALSE)=checagem_ref!A4,"Ok","Ausente"),"Ausente") -> Ok | C4: =IFERROR(IF(VLOOKUP(A4,Questionário!A:A,1,FALSE)=A4,"Ok","Ausente"),"Ausente") -> Ok
A5: E1D1_4 | B5: =IFERROR(IF(VLOOKUP(A5,'Checagem Referencial V29.09'!C:C,1,FALSE)=checagem_ref!A5,"Ok","Ausente"),"Ausente") -> Ok | C5: =IFERROR(IF(VLOOKUP(A5,Questionário!A:A,1,FALSE)=A5,"Ok","Ausente"),"Ausente") -> Ok
A6: E1D1_5 | B6: =IFERROR(IF(VLOOKUP(A6,'Checagem Referencial V29.09'!C:C,1,FALSE)=checagem_ref!A6,"Ok","Ausente"),"Ausente") -> Ok | C6: =IFERROR(IF(VLOOKUP(A6,Questionário!A:A,1,FALSE)=A6,"Ok","Ausente"),"Ausente") -> Ok
A7: E1D2_9 | B7: =IFERROR(IF(VLOOKUP(A7,'Checagem Referencial V29.09'!C:C,1,FALSE)=checagem_ref!A7,"Ok","Ausente"),"Ausente") -> Ok | C7: =IFERROR(IF(VLOOKUP(A7,Questionário!A:A,1,FALSE)=A7,"Ok","Ausente"),"Ausente") -> Ok
A8: E1D3_11 | B8: =IFERROR(IF(VLOOKUP(A8,'Checagem Referencial V29.09'!C:C,1,FALSE)=checagem_ref!A8,"Ok","Ausente"),"Ausente") -> Ok | C8: =IFERROR(IF(VLOOKUP(A8,Questionário!A:A,1,FALSE)=A8,"Ok","Ausente"),"Ausente") -> Ok
A9: E1D3_12 | B9: =IFERROR(IF(VLOOKUP(A9,'Checagem Referencial V29.09'!C:C,1,FALSE)=checagem_ref!A9,"Ok","Ausente"),"Ausente") -> Ok | C9: =IFERROR(IF(VLOOKUP(A9,Questionário!A:A,1,FALSE)=A9,"Ok","Ausente"),"Ausente") -> Ok
A10: E1D3_13 | B10: =IFERROR(IF(VLOOKUP(A10,'Checagem Referencial V29.09'!C:C,1,FALSE)=checagem_ref!A10,"Ok","Ausente"),"Ausente") -> Ok | C10: =IFERROR(IF(VLOOKUP(A10,Questionário!A:A,1,FALSE)=A10,"Ok","Ausente"),"Ausente") -> Ok
A11: E1D5_16 | B11: =IFERROR(IF(VLOOKUP(A11,'Checagem Referencial V29.09'!C:C,1,FALSE)=checagem_ref!A11,"Ok","Ausente"),"Ausente") -> Ok | C11: =IFERROR(IF(VLOOKUP(A11,Questionário!A:A,1,FALSE)=A11,"Ok","Ausente"),"Ausente") -> Ok
A12: E1D5_17 | B12: =IFERROR(IF(VLOOKUP(A12,'Checagem Referencial V29.09'!C:C,1,FALSE)=checagem_ref!A12,"Ok","Ausente"),"Ausente") -> Ok | C12: =IFERROR(IF(VLOOKUP(A12,Questionário!A:A,1,FALSE)=A12,"Ok","Ausente"),"Ausente") -> Ok
A13: E2D1_1 | B13: =IFERROR(IF(VLOOKUP(A13,'Checagem Referencial V29.09'!C:C,1,FALSE)=checagem_ref!A13,"Ok","Ausente"),"Ausente") -> Ok | C13: =IFERROR(IF(VLOOKUP(A13,Questionário!A:A,1,FALSE)=A13,"Ok","Ausente"),"Ausente") -> Ok
... A141: A4D5_23 | B141: =IFERROR(IF(VLOOKUP(A141,'Checagem Referencial V29.09'!C:C,1,FALSE)=checagem_ref!A141,"Ok","Ausente"),"Ausente") -> Ok | C141: =IFERROR(IF(VLOOKUP(A141,Questionário!A:A,1,FALSE)=A141,"Ok","Ausente"),"Ausente") -> Ok

Sheet Planilha2
B1: arrumado_quest | C1: questionário com a checagem referencial
A2: E4D1_2 | B2: E4D1_2 | C2: =IFERROR(IF(VLOOKUP(B2,'Checagem Referencial V29.09'!C:C,1,FALSE)=B2,"Ok","Ausente"),"Ausente") -> Ok
A3: A1D1_1 | B3: A1D1_1 | C3: =IFERROR(IF(VLOOKUP(B3,'Checagem Referencial V29.09'!C:C,1,FALSE)=B3,"Ok","Ausente"),"Ausente") -> Ok
A4: A1D1_2 | B4: A1D1_2 | C4: =IFERROR(IF(VLOOKUP(B4,'Checagem Referencial V29.09'!C:C,1,FALSE)=B4,"Ok","Ausente"),"Ausente") -> Ok
A5: A1D1_3 | B5: A1D1_3 | C5: =IFERROR(IF(VLOOKUP(B5,'Checagem Referencial V29.09'!C:C,1,FALSE)=B5,"Ok","Ausente"),"Ausente") -> Ok
A6: A1D1_4 | B6: A1D1_4 | C6: =IFERROR(IF(VLOOKUP(B6,'Checagem Referencial V29.09'!C:C,1,FALSE)=B6,"Ok","Ausente"),"Ausente") -> Ok
A7: A1D1_5 | B7: A1D1_5 | C7: =IFERROR(IF(VLOOKUP(B7,'Checagem Referencial V29.09'!C:C,1,FALSE)=B7,"Ok","Ausente"),"Ausente") -> Ok
A8: A1D2_6 | B8: A1D2_6 | C8: =IFERROR(IF(VLOOKUP(B8,'Checagem Referencial V29.09'!C:C,1,FALSE)=B8,"Ok","Ausente"),"Ausente") -> Ok
A9: A1D2_7 | B9: A1D2_7 | C9: =IFERROR(IF(VLOOKUP(B9,'Checagem Referencial V29.09'!C:C,1,FALSE)=B9,"Ok","Ausente"),"Ausente") -> Ok
A10: A1D2_8 | B10: A1D2_8 | C10: =IFERROR(IF(VLOOKUP(B10,'Checagem Referencial V29.09'!C:C,1,FALSE)=B10,"Ok","Ausente"),"Ausente") -> Ok
A11: A1D2_9 | B11: A1D2_9 | C11: =IFERROR(IF(VLOOKUP(B11,'Checagem Referencial V29.09'!C:C,1,FALSE)=B11,"Ok","Ausente"),"Ausente") -> Ok
A12: A1D3_10 | B12: A1D3_10 | C12: =IFERROR(IF(VLOOKUP(B12,'Checagem Referencial V29.09'!C:C,1,FALSE)=B12,"Ok","Ausente"),"Ausente") -> Ok
A13: A1D3_12 | B13: A1D3_12 | C13: =IFERROR(IF(VLOOKUP(B13,'Checagem Referencial V29.09'!C:C,1,FALSE)=B13,"Ok","Ausente"),"Ausente") -> Ok
... A132: Não se aplica | B132: E5_DXA | C132: =IFERROR(IF(VLOOKUP(B132,'Checagem Referencial V29.09'!C:C,1,FALSE)=B132,"Ok","Ausente"),"Ausente") -> Ausente
